size,generations,total_time_ms,time_per_generation_ms,cells_per_second_million
32,100,0.2131,0.002131,480.4805
64,100,0.2284,0.002284,1792.9682
128,100,0.2427,0.002427,6750.1650
256,100,0.3763,0.003763,17417.9287
512,100,0.8945,0.008945,29305.2882
1024,100,3.0069,0.030069,34872.5584
2048,100,13.0424,0.130424,32158.9883
4096,100,44.7652,0.447652,37478.2158
