size,generations,total_time_ms,time_per_generation_ms,cells_per_second_million
32,100,8.4646,0.084646,12.0974
64,100,7.9523,0.079523,51.5072
128,100,8.8298,0.088298,185.5532
256,100,10.5219,0.105219,622.8530
512,100,24.7132,0.247132,1060.7462
1024,100,71.0742,0.710742,1475.3266
2048,100,278.3787,2.783787,1506.6901
4096,100,3920.5784,39.205784,427.9271
